{
  "name": "cobblemonultra:ultra_wormhole",
  "order": 0,
  "variations": [
    {
      "aspects": [],
      "poser": "cobblemon:ultra_wormhole",
      "model": "cobblemon:ultra_wormhole.geo",
      "texture": "cobblemon:textures/npcs/ultra_wormhole/ultra_wormhole.png",
      "layers": [
        {
          "name": "emissive",
          "emissive": true,
          "texture": "cobblemon:textures/npcs/ultra_wormhole/ultra_wormhole_emissive.png",
          "translucent": true
        }
      ]
    }
  ]
}