{
	"format_version": "1.12.0",
	"minecraft:geometry": [
		{
			"description": {
				"identifier": "geometry.unknown",
				"texture_width": 128,
				"texture_height": 128,
				"visible_bounds_width": 4,
				"visible_bounds_height": 3.5,
				"visible_bounds_offset": [0, 1.25, 0]
			},
			"bones": [
				{
					"name": "ultra_wormhole",
					"pivot": [0, -2, -16]
				},
				{
					"name": "head",
					"parent": "ultra_wormhole",
					"pivot": [0, 15, 0],
					"cubes": [
						{"origin": [-10, 10, -1.01], "size": [20, 10, 1], "uv": [0, 42]},
						{"origin": [-5, 5, -1.011], "size": [10, 20, 1], "uv": [0, 77]},
						{"origin": [-3.5, 4.5, -1.012], "size": [7, 21, 1], "pivot": [0, 15, 0], "rotation": [0, 0, 45], "uv": [22, 96]},
						{"origin": [-3.5, 4.5, -1], "size": [7, 21, 1], "pivot": [0, 15, 0], "rotation": [0, 0, -45], "uv": [38, 96]}
					]
				},
				{
					"name": "1",
					"parent": "head",
					"pivot": [0, 0, 0],
					"cubes": [
						{"origin": [-5, 5, -12], "size": [10, 1, 11], "uv": [0, 18]},
						{"origin": [-5, 24, -12], "size": [10, 1, 11], "uv": [0, 30]},
						{"origin": [9, 10, -12], "size": [1, 10, 11], "uv": [74, 63]},
						{"origin": [-10, 10, -12], "size": [1, 10, 11], "uv": [36, 75]},
						{"origin": [-3.5, 4.5, -12], "size": [7, 1, 11], "pivot": [0, 15, 0], "rotation": [0, 0, 45], "uv": [46, 0]},
						{"origin": [-3.5, 24.5, -12], "size": [7, 1, 11], "pivot": [0, 15, 0], "rotation": [0, 0, 45], "uv": [0, 53]},
						{"origin": [-3.5, 24.5, -12], "size": [7, 1, 11], "pivot": [0, 15, 0], "rotation": [0, 0, -45], "uv": [36, 54]},
						{"origin": [-3.5, 4.5, -12], "size": [7, 1, 11], "pivot": [0, 15, 0], "rotation": [0, 0, -45], "uv": [0, 65]}
					]
				},
				{
					"name": "2",
					"parent": "1",
					"pivot": [0, 0, 0],
					"cubes": [
						{"origin": [-5.5, 9, -22], "size": [11, 1, 8], "pivot": [0, 15, 0], "rotation": [17.5, 0, 0], "uv": [36, 66]},
						{"origin": [-5.5, 20, -22], "size": [11, 1, 8], "pivot": [0, 15, 0], "rotation": [-17.5, 0, 0], "uv": [72, 54]},
						{"origin": [5, 9.5, -22], "size": [1, 11, 8], "pivot": [0, 15, 0], "rotation": [0, -17.5, 0], "uv": [96, 84]},
						{"origin": [-6, 9.5, -22], "size": [1, 11, 8], "pivot": [0, 15, 0], "rotation": [0, 17.5, 0], "uv": [0, 98]},
						{"origin": [-4.5, 8.5, -22], "size": [9, 1, 8], "pivot": [0, 15, 0], "rotation": [17.5, 0, 45], "uv": [82, 0]},
						{"origin": [-4.5, 20.5, -22], "size": [9, 1, 8], "pivot": [0, 15, 0], "rotation": [-17.5, 0, 45], "uv": [82, 9]},
						{"origin": [-4.5, 20.5, -22], "size": [9, 1, 8], "pivot": [0, 15, 0], "rotation": [-17.5, 0, -45], "uv": [84, 18]},
						{"origin": [-4.5, 8.5, -22], "size": [9, 1, 8], "pivot": [0, 15, 0], "rotation": [17.5, 0, -45], "uv": [84, 27]}
					]
				},
				{
					"name": "3",
					"parent": "2",
					"pivot": [0, 0, 0],
					"cubes": [
						{"origin": [-7.5, 19.75, -29.85], "size": [15, 1, 8], "pivot": [0, 15, 0], "rotation": [45, 0, 0], "uv": [0, 0]},
						{"origin": [-7.5, 9.25, -29.85], "size": [15, 1, 8], "pivot": [0, 15, 0], "rotation": [-45, 0, 0], "uv": [0, 9]},
						{"origin": [-5.75, 7.5, -29.85], "size": [1, 15, 8], "pivot": [0, 15, 0], "rotation": [0, -45, 0], "uv": [60, 84]},
						{"origin": [4.75, 7.5, -29.85], "size": [1, 15, 8], "pivot": [0, 15, 0], "rotation": [0, 45, 0], "uv": [78, 84]},
						{"origin": [-6.5, 19.5, -29.85], "size": [13, 1, 8], "pivot": [0, 15, 0], "rotation": [45, 0, 45], "uv": [42, 18]},
						{"origin": [-6.5, 9.5, -29.85], "size": [13, 1, 8], "pivot": [0, 15, 0], "rotation": [-45, 0, 45], "uv": [42, 27]},
						{"origin": [-6.5, 9.5, -29.85], "size": [13, 1, 8], "pivot": [0, 15, 0], "rotation": [-45, 0, -45], "uv": [42, 36]},
						{"origin": [-6.5, 19.5, -29.85], "size": [13, 1, 8], "pivot": [0, 15, 0], "rotation": [45, 0, -45], "uv": [42, 45]}
					]
				}
			]
		}
	]
}